case_id,criterion,pull,argument
C-1,requirements,predictive,"Формат заздалегідь визначено наказом, специфікація опублікована, нових вимог немає уже 6 місяців."
C-1,technology,adaptive,"API реєстру нове, документація неповна, пісочниця нестабільна, методи мінливі."
C-1,release_cost,predictive,"Помилка у звіті призводить до припису регулятора, дата подання фіксована, виправлення ручне."
C-1,customer,predictive,"Замовник відповідає 3-5 днів, на демо не ходить, очікує підсумок раз на етап."
C-1,contract,predictive,"Договір fixed price за тендером, будь-яка зміна через додаткову угоду на 2 тижні, є пеня."
C-1,team,predictive,"Команда розподілена, 3 розробники від підрядника у своєму графіку, тестувальник ділиться на 2 проєкти."
C-2,requirements,adaptive,"Вимоги базуються на гіпотезах, беклог переписується кожні 2 тижні за результатами інтерв'ю."
C-2,technology,predictive,"Стек відомий, платіжне API з якісною документацією, розгортання автоматичне з відкатом за 10 хв."
C-2,release_cost,predictive,"Помилка в розрахунку комісій загрожує ручними поверненнями, скаргами та санкціями еквайра."
C-2,customer,adaptive,"Співзасновник сидить в одній кімнаті, відповідає за 30 хвилин, ухвалює рішення на місці."
C-2,contract,adaptive,"Зовнішнього договору немає, власний продукт, зафіксовано бюджет на 9 місяців без фіксації обсягу."
C-2,team,adaptive,"Команда з 5 осіб в одній кімнаті, крос-функціональна, усі можуть взяти будь-яку задачу."
C-3,requirements,adaptive,"Реальний процес погодження відрізняється від регламенту, на кожному демо виявляються нові винятки."
C-3,technology,adaptive,"Стек звичний, але схема старої системи не документована, в 1/8 договорів відсутні контрагенти."
C-3,release_cost,predictive,"Помилка в щомісячному нарахуванні платежів виявляється вже після реального перерахунку коштів."
C-3,customer,adaptive,"Керівниця юристів бере участь у щотижневих демо та надає розгорнутий зворотний зв'язок."
C-3,contract,predictive,"Договір fixed price, бюджет затверджено на рік без можливості збільшення, зміни через протокол."
C-3,team,adaptive,"Згуртована команда з 4 осіб в одному офісі, працюють разом 2 роки і закривають суміжні задачі."